-- Supabase Seed Data for LUXDRIVE
-- Use this script in Supabase SQL Editor to populate dummy data for UI testing.

-- 1. Insert Vehicles (15 vehicles)
INSERT INTO public.vehicles (id, name, license_plate, category, daily_rate, model_year, status, image_emoji) VALUES
('a0000000-0000-0000-0000-000000000001', 'Toyota Avanza', 'B 1234 XYZ', 'MPV', 350000, '2022', 'Available', '🚘'),
('a0000000-0000-0000-0000-000000000002', 'Toyota Innova Reborn', 'B 5678 ABC', 'MPV', 500000, '2023', 'Available', '🚘'),
('a0000000-0000-0000-0000-000000000003', 'Toyota Fortuner GR', 'B 9999 DEF', 'SUV', 850000, '2023', 'On Rent', '🚘'),
('a0000000-0000-0000-0000-000000000004', 'Mitsubishi Pajero Sport', 'B 1111 GHI', 'SUV', 900000, '2022', 'Available', '🚘'),
('a0000000-0000-0000-0000-000000000005', 'Toyota Alphard', 'B 7777 JKL', 'Luxury', 1500000, '2023', 'On Rent', '🏎️'),
('a0000000-0000-0000-0000-000000000006', 'Toyota HiAce', 'B 8888 MNO', 'Minibus', 1200000, '2021', 'Available', '🚘'),
('a0000000-0000-0000-0000-000000000007', 'Honda CR-V', 'B 2222 PQR', 'SUV', 750000, '2022', 'Maintenance', '🚘'),
('a0000000-0000-0000-0000-000000000008', 'Honda HR-V', 'B 3333 STU', 'SUV', 500000, '2023', 'Available', '🚘'),
('a0000000-0000-0000-0000-000000000009', 'Mercedes-Benz C300', 'B 4444 VWX', 'Luxury', 2000000, '2024', 'Available', '🏎️'),
('a0000000-0000-0000-0000-000000000010', 'BMW 320i', 'B 5555 YZA', 'Luxury', 1800000, '2023', 'Available', '🏎️'),
('a0000000-0000-0000-0000-000000000011', 'Toyota Raize', 'B 6666 BCD', 'SUV', 400000, '2022', 'Available', '🚘'),
('a0000000-0000-0000-0000-000000000012', 'Hyundai Creta', 'B 7777 EFG', 'SUV', 450000, '2023', 'On Rent', '🚘'),
('a0000000-0000-0000-0000-000000000013', 'Suzuki Ertiga', 'B 8888 HIJ', 'MPV', 350000, '2022', 'Available', '🚘'),
('a0000000-0000-0000-0000-000000000014', 'Wuling Almaz', 'B 9999 KLM', 'SUV', 400000, '2023', 'Available', '🚘'),
('a0000000-0000-0000-0000-000000000015', 'Hyundai Ioniq 5', 'B 1010 NOP', 'Luxury', 1200000, '2024', 'Maintenance', '🏎️');

-- 2. Insert Customers (15 customers)
INSERT INTO public.customers (id, full_name, email, phone, join_date, status, total_rentals, total_spent) VALUES
('b0000000-0000-0000-0000-000000000001', 'Budi Santoso', 'budi@example.com', '081234567890', 'Jan 2026', 'Verified', 5, 2500000),
('b0000000-0000-0000-0000-000000000002', 'Siti Aminah', 'siti@example.com', '081298765432', 'Feb 2026', 'Verified', 2, 1000000),
('b0000000-0000-0000-0000-000000000003', 'Andi Wijaya', 'andi@example.com', '085611223344', 'Mar 2026', 'Verified', 1, 850000),
('b0000000-0000-0000-0000-000000000004', 'Rina Melati', 'rina@example.com', '081322334455', 'Jan 2026', 'Verified', 4, 3000000),
('b0000000-0000-0000-0000-000000000005', 'Joko Susilo', 'joko@example.com', '087812341234', 'Apr 2026', 'Pending', 0, 0),
('b0000000-0000-0000-0000-000000000006', 'Maya Sari', 'maya@example.com', '089912345678', 'Feb 2026', 'Verified', 1, 1500000),
('b0000000-0000-0000-0000-000000000007', 'Kevin Pratama', 'kevin@example.com', '081122223333', 'May 2026', 'Verified', 2, 900000),
('b0000000-0000-0000-0000-000000000008', 'Dina Lestari', 'dina@example.com', '081244445555', 'Jun 2026', 'Verified', 3, 1500000),
('b0000000-0000-0000-0000-000000000009', 'Ahmad Rizal', 'ahmad@example.com', '085566667777', 'Jan 2026', 'Verified', 6, 9000000),
('b0000000-0000-0000-0000-000000000010', 'Rini Febriani', 'rini@example.com', '081299998888', 'Jul 2026', 'Pending', 0, 0),
('b0000000-0000-0000-0000-000000000011', 'Fajar Ramadhan', 'fajar@example.com', '081377778888', 'Mar 2026', 'Verified', 1, 400000),
('b0000000-0000-0000-0000-000000000012', 'Nisa Putri', 'nisa@example.com', '089866665555', 'May 2026', 'Verified', 2, 2400000),
('b0000000-0000-0000-0000-000000000013', 'Bagas Kaffa', 'bagas@example.com', '081122334455', 'Jan 2026', 'Verified', 3, 1200000),
('b0000000-0000-0000-0000-000000000014', 'Putri Tanjung', 'putri@example.com', '081299887766', 'Aug 2026', 'Pending', 0, 0),
('b0000000-0000-0000-0000-000000000015', 'Arif Dirgantara', 'arif@example.com', '087766554433', 'Jul 2026', 'Verified', 1, 1500000);

-- 3. Insert Bookings (15 bookings)
INSERT INTO public.bookings (booking_ref, customer_id, vehicle_id, start_date, end_date, duration_days, total_amount, status) VALUES
('#BKG-1001', 'b0000000-0000-0000-0000-000000000001', 'a0000000-0000-0000-0000-000000000001', '2026-07-01', '2026-07-03', 3, 1050000, 'Completed'),
('#BKG-1002', 'b0000000-0000-0000-0000-000000000002', 'a0000000-0000-0000-0000-000000000002', '2026-07-05', '2026-07-06', 2, 1000000, 'Completed'),
('#BKG-1003', 'b0000000-0000-0000-0000-000000000003', 'a0000000-0000-0000-0000-000000000003', '2026-07-08', '2026-07-08', 1, 850000, 'Active'),
('#BKG-1004', 'b0000000-0000-0000-0000-000000000004', 'a0000000-0000-0000-0000-000000000004', '2026-07-15', '2026-07-17', 3, 2700000, 'Pending'),
('#BKG-1005', 'b0000000-0000-0000-0000-000000000006', 'a0000000-0000-0000-0000-000000000005', '2026-07-09', '2026-07-10', 2, 3000000, 'Active'),
('#BKG-1006', 'b0000000-0000-0000-0000-000000000001', 'a0000000-0000-0000-0000-000000000006', '2026-07-20', '2026-07-21', 2, 2400000, 'Pending'),
('#BKG-1007', 'b0000000-0000-0000-0000-000000000007', 'a0000000-0000-0000-0000-000000000008', '2026-07-10', '2026-07-11', 2, 1000000, 'Completed'),
('#BKG-1008', 'b0000000-0000-0000-0000-000000000008', 'a0000000-0000-0000-0000-000000000011', '2026-07-12', '2026-07-13', 2, 800000, 'Pending'),
('#BKG-1009', 'b0000000-0000-0000-0000-000000000009', 'a0000000-0000-0000-0000-000000000009', '2026-07-01', '2026-07-05', 5, 10000000, 'Completed'),
('#BKG-1010', 'b0000000-0000-0000-0000-000000000011', 'a0000000-0000-0000-0000-000000000011', '2026-07-02', '2026-07-02', 1, 400000, 'Completed'),
('#BKG-1011', 'b0000000-0000-0000-0000-000000000012', 'a0000000-0000-0000-0000-000000000006', '2026-07-05', '2026-07-06', 2, 2400000, 'Completed'),
('#BKG-1012', 'b0000000-0000-0000-0000-000000000004', 'a0000000-0000-0000-0000-000000000012', '2026-07-09', '2026-07-12', 4, 1800000, 'Active'),
('#BKG-1013', 'b0000000-0000-0000-0000-000000000001', 'a0000000-0000-0000-0000-000000000002', '2026-07-25', '2026-07-27', 3, 1500000, 'Pending'),
('#BKG-1014', 'b0000000-0000-0000-0000-000000000002', 'a0000000-0000-0000-0000-000000000001', '2026-07-22', '2026-07-23', 2, 700000, 'Pending'),
('#BKG-1015', 'b0000000-0000-0000-0000-000000000015', 'a0000000-0000-0000-0000-000000000005', '2026-08-01', '2026-08-05', 5, 7500000, 'Pending');
